0,1,2,3
-0.9769220240081627,0.4809601435791705,-0.7691728831698561,-0.8956025964808529
-1.0423399539887401,-0.4513795987127943,0.9449443523134723,0.9326170239378013
-1.5399758740149525,0.38263614416304687,0.21756715268238763,-0.22115739677330007
-0.660491728529997,1.085309062141743,-0.12583681574590838,1.242269184262884
-0.4181334323320555,-0.1764637191722293,0.8544459873213224,-0.3522408603929009
-1.6300784539397206,-0.8577983281055889,-0.8375480720698645,0.18255527899813587
-0.07498581255609414,-0.36208729656849353,1.9043773759259304,-1.5374187844962757
0.9736151463013357,-0.5290573270886314,0.73556684891028,0.4509848655856986
-1.4528987983468897,-1.5523830507274277,0.2124313617876934,1.3717109296014074
0.6811825832654496,-1.7791713639883218,0.33356675964111776,0.11343541970726868
0.9592951638919119,0.06806664152971367,0.6519171242225006,-0.6769733574229444
-0.06434694626181149,-0.27805837016233753,-1.42813389977844,0.2928712914873647
0.09571714272211204,-0.20534659190713317,-1.3493010762581068,0.5879453643544291
0.3468159319606923,0.3366507808839831,1.378334657831845,0.0014662863002386252
0.30485180839001885,-2.1277221060465443,-1.1061112747720565,-1.241118715572241
2.001327609154228,1.5844514281674844,0.22156963442598793,-0.9764805962276325
-0.08338640403011013,-0.09131457277585116,0.27244173807505967,-0.1906680754209532
-2.2259384975055516,-0.9249409668439683,-0.37740954230465595,0.9239037056637613
1.2683129317471806,0.6585248664619128,0.02194337169831412,-0.028826372157720864
-0.4023304073632683,-1.5890627283963887,-0.009339075332530786,1.6034049912335697
1.1296981505455959,1.0763279621062882,-1.1765573531520486,0.573464577687137
0.3211303080156546,0.961954109732313,0.47840600037655656,-1.3021907327220974
1.634103664082073,0.7882273938857766,-1.530208643875148,-0.3025188656707574
0.8626600942959964,0.4993843319356162,-1.303651330403852,0.5924691773232438
-0.21794875465563357,-2.362902767244653,-0.5414729697664448,1.8871649453233585
1.8794139212256933,2.4965017580533173,-2.4018591291343276,1.2399617494193353
-1.3366782264058445,-2.3496487723415487,1.4617064566317843,-0.47671326578833106
0.59712260450546,0.0701567328319679,-0.687543537454698,-0.7218133162629706
1.9258390304043977,-1.2597260894197182,-0.6795891668808828,-0.6498473774699015
-0.9737021579130719,-0.1373773491268861,-0.25222133697595056,0.7648926626486031
1.5053902860245405,-0.11641407983655676,0.668455845351217,0.8999890587948667
0.15015930163696448,-0.9095094914358819,-0.1783116655351079,1.2038389790717106
-0.6765498264575077,-0.6163441453589767,-1.3964386650691007,0.2992185767582096
0.10456289517356034,-1.3117499752558774,0.43135928749553526,0.25840137608246855
0.3035585315889027,1.4132680323095188,-0.6145296244993114,0.6476664952166731
-0.6735888400357142,0.47862765349254277,1.3984267265209938,0.45066282975725963
0.7992669978926366,0.33882312816412624,0.0592777764477743,-0.6715730917550401
-0.006873045057695551,0.5575540709722466,0.22602913364159272,-0.48053987593307607
-0.20180452244543223,0.5520805891407993,0.36515697397369684,0.2099487661148791
0.24721819224361105,1.3315990291734654,1.1992887727264734,-0.7616432811220275
0.27760810870930025,0.6142240050297113,1.0830797631047007,-1.2527409319903406
-1.0560578064630046,0.9309516758466019,0.4514539402050928,-0.8067109613662955
-1.6102361989833478,0.5770316378930452,-1.1204169053591473,0.9130367518380024
1.75645337848344,0.42334268899461985,-0.4486430119730049,-1.464904641233619
-0.13249348135237454,-2.5065402324140447,-0.9478016540532688,-1.2967879300401852
-0.9088808822058151,-1.224893832911446,1.4228245828872694,0.6764525182232968
1.4722523558781742,-0.37679023648246757,0.9013856711619568,0.11298455362907207
0.34250075280613246,0.13514740201238679,-0.3454379179650551,-0.22590555028239262
-0.34025595485499543,-0.5980023603094294,0.13685410957731797,-0.5065100214561211
0.42230706737357154,-2.9239093089651442,-2.71788148471555,1.4431149404334076
0.1344049627313701,-0.4121268753045485,-0.8566040046657281,0.19653733752280703
1.11812989553761,1.5747578862689597,1.369910192351641,-1.415476556353205
0.23299836227022883,-0.298810168964346,1.221589488419884,-0.14375548205375296
-1.2242336570963706,-0.5013910146539012,1.0855243270064954,0.2786806344269717
0.2757840084563906,-0.5637667796710856,0.678569942221854,-1.5003049834315687
-1.7484365800074737,2.847561537589501,-0.7957077155870169,-2.5753850691888784
1.57327200279687,-2.00485133184113,-0.1949717766602595,0.919171143546811
0.08244299524330724,0.988281948551963,-1.4664763946836707,-0.4192796613336394
-2.438173474755395,-0.06990161341242315,-0.6407348312145383,0.9497456783605795
2.9365858027295095,1.4218461213757212,0.20708717539687854,-1.1101606811151097
0.6712115027223734,0.10546961381382348,-0.06779628046722336,-0.06170421933771872
0.7205452270326793,0.6867811501313941,1.9787039416968328,2.0216278607674796
0.963977262899326,0.816454978683066,-0.5957423055283082,0.6162271039192114
-1.2254811060996271,-0.08736013163696456,-1.0031095674152088,1.0133414247667614
0.1279204591508586,0.7475050720756411,0.3722828044869406,1.7056250816202294
0.29766363581185257,-0.8465654863281037,0.86057767472141,-0.3474653972625028
-1.355867491112185,0.6556337626152814,-0.7417211192730261,0.8919596081481167
0.8876666057260364,-0.01108792055132301,0.16238967664409198,0.5837341019692218
0.5256085251946719,1.0440215884236856,-0.18137820611618913,1.337933157322189
2.2761795367455115,-0.7337684438849944,0.6840856545128453,-0.2071668701652133
-0.5823527231538308,-2.170124833716664,0.30801412684809365,0.855021423178276
1.144749244094408,1.4767847561461014,-0.4381010736817283,-0.1344934753235301
-0.8789591785478804,0.37049036171757893,-0.9525419335599198,1.6707231242848748
-0.12888479372008171,-0.21312197999925048,1.414126372480513,0.3041982116783497
-0.17147257875718275,0.6145631456453929,-1.2237649423155246,-0.94451579421287
-0.7150813612251539,1.9451260971020254,0.2208185549498476,1.156383391852215
0.05060396724304661,0.1296743257585186,-1.6261258850924578,-2.104775239386256
-0.5297176219089227,-1.6280661549398043,-0.07694429061419285,-0.49453729972676913
0.6466505430803731,-0.8732617366894299,-1.5114068344087017,-0.6709726152958085
0.2566935421972862,-0.3508166067825384,0.5269602337387165,-1.4133106918283993
1.2585842189807528,0.4685383521354413,-0.7421478592863915,1.2393489340483586
-0.613791757203317,-0.25077700555482874,-1.0900287870246803,-0.9929287579833996
0.012928482686537767,-0.6156201221769239,-2.058503418804969,1.1915614917408228
-0.7938239080785789,0.6055061626323965,-0.9328641997488955,-0.14875612243096378
-0.38121470483130887,0.7052611814820477,-1.720210116791504,0.09505971277198384
-1.2095828749292292,1.3039517456684468,0.3122150104587942,-0.2961559179921204
0.17057605391136438,-2.847767976381091,-2.563468579348234,0.5773931602730715
0.6807893069794135,-0.359929756438449,-1.6366553315072945,-1.6478698457189442
-0.6084440782350503,-1.0207354259589598,-0.6211218054912863,1.123279123128069
-0.442687154950613,-1.9753293739035116,-0.4003266095621099,0.8054317896284808
-1.2110632393446525,-0.9960964738530564,1.0724420887874684,-0.31696192274787427
-0.5234820977027549,0.6851368719236749,0.5589352228520486,-0.7492052161943977
-0.6344547797678388,1.7401395205223749,-0.40730950498641033,-1.2781520466187395
-1.0160397207317664,0.8724392036651465,0.23288302158778823,1.7715761128799645
-0.0025370656912026084,0.3969877131612798,0.692408682932006,-0.26896443169549944
-2.3312708861655858,-0.9575424116633513,0.7347805472926454,-0.5271107995771763
-1.103767521654425,-0.3123102445103698,1.145560298746321,-0.5305335745438964
0.38597309880729114,0.0020177061832335023,-0.5724288688724648,1.0890288951357825
0.6748198420620958,-2.473160088081139,0.8256680707881866,-0.2822505836830615
-1.4329071354113267,-1.0888623674388682,-0.7994237423158652,-0.07995021230992626
-0.23193499035318893,0.5348858939499043,1.2240417204978888,-1.4575547709427428
0.37033186550227626,0.3792136034816732,-0.2141474461934691,0.7315621874011831
-0.6904340380525869,-0.27057409014726924,0.20162460542371533,-0.6629003893197631
1.4564779620408759,-0.49527262164677227,-0.186468687847172,0.018738857352392304
-0.24637866964121724,-0.6447696247725785,0.14001785409892528,0.17026934294592355
1.0282393993479169,0.3887569536681673,-0.47814652946754305,0.2308820591529552
-1.3785581377336815,0.637234863938457,0.4165001182867835,0.9527934687910934
-0.8906400909950926,-0.6953405521979152,-1.3397840141968858,0.5781547257376023
-1.613607699297726,-1.6648134866332949,-0.6181820223692792,0.9923639874728121
-1.759158679983538,0.966466171118127,2.2626729709904403,-0.03319919075880744
-1.3877692966859196,-1.3109771255437552,0.8291054140136198,-1.4564927124871456
0.7936074499928379,0.6484810676235606,0.6617653255906596,2.62207649686191
0.1678472774106706,0.9516023257567537,0.9644149906619849,-0.465551280460755
0.4744565572199131,2.1749753875213584,-0.8720002577024797,-1.1350475672212932
1.0512082362483728,-0.37392124302055374,-0.9929168327459463,0.375153916813411
-0.3176809955146667,-1.0005263761636591,-0.08830219596178161,1.4909958486121373
-1.3141887495944722,0.29045506614952427,0.04513437761414223,0.37895152017317374
0.36609584768375736,1.864204011609382,0.09354409052016494,-0.0486763185879893
-0.2751653886700181,-0.0402405502328776,1.378924118519167,0.49574142801258864
-2.6281932500252707,0.1708616337487112,-0.05260260980125969,0.13627620959973388
0.34737061543504305,-0.36032290736036066,-0.13364262229003335,-0.33447796384852313
-0.7898720632087011,1.3461761871778994,-0.5681381588055963,0.040057899054846906
-0.0212647996401321,-0.2378315544288863,0.42033039756666385,0.8086621225085866
0.23611044584201304,1.776936433595993,-0.8950812608824187,0.3415750696313847
-1.1272441083594393,0.30846819255719987,0.5315337740804635,-0.038534238863758466
-0.23751651748909072,-0.7490988714833192,0.40952985972903383,0.9036996100979634
-0.19717901608360155,-0.7334051989052567,0.11994587081561593,0.8955226296506076
0.10472101467411052,0.5460775372262213,0.898244053226894,-1.1245944345720675
-0.6139532141538729,0.6989931971229656,0.18634516160765072,1.5042212938637929
-0.09524999853693135,1.2358891658613063,0.6521815290359757,1.1862596645667352
0.021961575003740602,-0.1303457275704646,-0.44394008847995986,-0.79655495288179
-0.746169803583203,-1.2862351879664917,1.1385128835671714,0.0604190536160258
-0.7173741621865926,-1.2621046210492912,-0.4624190456169236,-0.06786374859567933
0.6749396228689672,1.0417121334434443,-0.6212074078626832,0.32370851288038677
0.18531476186424709,-1.268021733309244,1.3055082098707775,-0.3977757256295281
0.03100772570206406,-1.1507052533251612,0.03136222094880288,-0.026390131122776415
0.8750970202098594,1.3525682037503044,-0.0930929742212251,-1.5041489785880402
-1.1308005489278454,0.05819314504744863,-0.011737954623651382,-1.004162682677236
-1.5505647609935935,1.6057415776685957,0.7071983213114125,0.76766162564389
0.33807842650566244,-0.6229033942690906,-1.0282428947024513,-0.558078982116451
0.0641142922759334,0.9023353263740292,0.6959713057944996,2.3944147011329076
-1.238621068866907,0.9266204557619525,-0.3709096688409198,0.29810129597288926
0.9944364494642634,0.5256417651698201,1.722569524806718,0.4340927449907151
0.7444913797103606,-0.579112258420026,-2.6379468888729583,0.1610807330314291
0.7003916763960618,-0.19678491120188163,0.8263258331709163,-0.9076710490731172
-1.9156161859286234,0.21447641056853758,-0.39120848678969183,0.4835354976900422
0.743470921823048,1.4526157405437141,0.7341201408508438,-0.33017345266834464
-1.315644202788194,0.19777700837308254,1.222203132198968,-0.9032485502001953
0.9934456022104216,0.13646230014997093,0.40206155357206386,0.1790610241621106
0.7357514270142185,-0.8077990685374783,-0.6559586228567373,-0.4208426668933101
0.3463016755468822,-0.6806298128657509,1.134603742396315,-0.5784677658031703
-0.5164262026954137,-1.2802272846886196,-0.679971826055101,0.04006807355642914
-1.0937986075003094,0.9606630844776815,1.222559100570582,-1.2546877783020238
-2.24145832997239,0.45559754952154025,2.390507334218944,-0.28089903428329926
-0.016265945781120894,1.7515330690871957,1.6935201295962987,0.573174677366959
-1.8850400775924043,-1.508431465235362,-2.1501477703465657,0.16225064554441057
0.060580978269877926,1.4597140886118931,0.07826444558363317,-0.4950653359513673
2.2285440453346546,-1.5774099421870222,0.21528961440394914,0.5681616042100373
-0.7672021042251893,-0.3525357058394272,1.0828374835416625,-1.8275418331647113
-0.05038671769700851,-1.1862019326614675,0.786711182755998,0.28829068617147574
1.7090312967532821,1.045542691351922,0.9261482185635717,-0.15057083623150588
0.5176159240951119,-0.2850064759478725,-0.6774360430808275,-0.1815979008889295
0.974610801696344,-1.5838269563368053,0.6555392389870643,-0.7077544009004296
-0.39600802397226625,0.4561485132189555,0.05770925247952002,-0.15061413005595398
-1.4812440171192323,-0.24111194939753575,-1.1884434341774464,2.1566069692514644
-0.8441956726005331,-0.4389154057956195,0.27256545984192665,-0.4650249759782798
-2.453075439543441,-1.343636893484285,-0.12514058121627908,0.8801467235999567
0.7940318382615771,0.30030683292374033,-1.541240303072842,0.30746802633422904
-0.04198764966463511,-0.3518984173415733,-0.26327673901756965,2.2590326892515864
0.7021999280561557,0.38963285611722226,0.27456828836106,0.572534273982477
-0.881229668944853,1.1945140755075612,0.6485060709241238,-0.2919319413516957
-0.29668033403192434,0.20980608318424374,0.5507669387340517,-0.6083169185125925
-0.9891923369037771,-0.7200814136179464,-0.8800122754527618,0.6904942981465152
-1.1972162653231073,-0.2582270740710265,1.0386696433678069,0.19245620629046137
-0.31116587563266723,-0.9811079630841942,0.23782019324597237,-0.4077172251340015
-0.4673748276701862,-0.19665550097911424,-0.24106235305052856,-1.644625034461592
-1.5208173504316387,-0.5066286511819835,0.1477028166972677,-0.4985487285093242
0.9783693899155667,0.6292699839982018,-0.536906757954523,0.21861231007738718
-0.21923213244686826,0.9688759185122457,0.30133863123676286,-0.2738583284229274
2.241713206613415,0.4024594859520051,-0.2465480899463574,0.7999232618399357
0.935349116138091,-0.21830549451048428,-0.14776313900207538,-1.1249016652251171
0.7578747827285586,-0.7222111093309292,0.4839997114908194,0.7772383361319689
0.25843170754789035,0.2933122438140735,-0.17482745909180702,0.31204714758981117
0.2990998991744881,0.5714263193293574,-1.2625271181222482,0.16436535003658775
0.7996143719987275,-1.1347759790841527,-1.2121158423929146,-0.5002540836391224
-1.4678048818365768,0.259581179905146,1.1698158379583792,-0.40026363708686036
0.5205404669200883,0.7535909589114638,-0.11925916090886596,0.04633506612405882
0.18088849820918915,1.623825348465609,0.3292516130963075,-0.056237322590681274
0.10290216386591185,-0.8791490488819154,0.7132894130273294,0.5552572240624872
0.5518086667228594,1.0362180516006987,-0.6550976037677934,1.363775785442976
-1.4358262878232315,-0.26952501730456396,1.4306797147625894,-0.41673066195056974
-0.22136437016843505,0.5308623442482596,-1.6787127039128174,0.41187262217300236
0.781056710055096,1.1879776334154049,0.8884927699128815,0.7364917688808198
1.0182648727372354,0.34036296839644303,-0.3998102377678443,1.0924946624904115
-0.025033082694127747,1.2277575677041612,-0.15405512555554152,0.6838636713422477
1.2312531893452965,0.9981696960386663,1.4867792937592184,0.7961963178682768
-0.9523258383345375,-0.9749487916082877,-0.4795499070528003,0.7468114359261404
-0.20433368744328556,1.3555635829357835,1.2853106726582,-0.6564118214504547
-1.2001761151240338,0.5797434810450733,-0.12766716934128153,0.003431361468150164
0.3049994015362612,-1.2915897616286025,0.13105849516677834,-1.0610659139893288
1.3768259965096723,-0.3180026887489059,-1.093133740257977,2.039562915343813
-1.6594384019359967,0.8170393980828362,1.4272801207574455,0.36533226248496525
-0.010550400139364684,1.50240735881707,0.3803382094857253,-0.9026676814060447
0.3905705539555968,-1.3126217072667847,1.599202951460476,0.21209518847945327
0.5364633221848245,-1.285801192505405,-1.4021500463549668,-0.19944944438446124
-0.8712367639373655,0.6817524847062779,0.6846438831671338,-0.38139337983256916
-1.3707590244406043,-1.4712680819992572,-0.488426895053518,0.6244410108311421
-0.9726533309241494,0.8887433646769415,0.2891290366426843,-0.5938538315388858
-0.6201489867667873,1.3634606836876009,-0.19233885582085336,1.8024515932542213
0.060543464008416016,-0.5570167293124206,-0.36010385667597794,0.7280777463952004
-0.2806950977308641,2.5545150221578896,-0.6648348032284673,-0.9763840604151923
0.4507300171882722,1.62290502475304,0.9520844010796048,-0.5323461907444563
0.6256983823361557,0.045201598036077976,-1.4383566144837885,1.2643842766565365
0.25291584053035193,1.7711784088601963,0.6786422930032083,-0.5854808803391848
-0.632425401811625,0.7710606110541486,-0.2410783455543928,-1.9065998948585174
0.11678299123796247,1.6613713012610134,0.7586446137214986,0.7031119659073162
-1.1174327663683585,-1.4416818962434825,-1.8519105666521214,-1.224951987100345
1.0158908228089703,-0.2938898780644456,-0.675243062379427,0.7195604746300783
0.868939853299367,0.03875017042951335,0.48768268472345194,0.9150557804017581
0.42873276792494697,0.07121177939839467,-0.3520040127056361,-0.46648738919209015
-0.07281475456396128,-0.6999188997156945,0.21248415545148971,1.971292605144719
-0.4073416759903225,-1.8199306599272365,-0.3223729064074985,1.0530964382607422
1.499928730418178,-0.772085361709607,1.1254615357800761,0.9745053755179961
0.7115795147669498,0.43768214748563594,-1.8035607268252547,-0.8852559061512899
1.0551160562345145,0.6826067522217693,0.7541445858863228,0.8970077087283181
-0.4733902375960791,0.17073420368477674,-0.1550364241861362,0.9422743356885745
-1.7550578375407535,-1.2218589554272041,-1.3682730818161266,1.2759681584843539
1.081634528682593,0.6861836308512115,-1.0885752131826159,-0.4329720717912894
-0.19531337824424502,-1.2550931649780772,0.35116592280709674,-1.3230917440565595
-1.5848064786873206,1.3478438580424998,0.9100625704675788,-0.4313926599636489
0.59858503322427,-0.31281173324624917,0.29802650231487443,0.7222823049428425
-1.7094860105631218,1.0627765541248135,0.055798005942333556,0.8985546314244424
-0.20399476948852105,0.9162653960442724,0.5191613472452188,0.04840479844230544
1.0622296340738355,0.38735299380155147,-0.8970404794205347,0.41711448036726384
-0.7403273069762563,-0.3791718781981997,0.5506366346243577,1.2459569439332379
1.0840288108958118,0.6782592248282877,1.770996699301979,1.6262436409974501
0.47930895265792967,-0.9815254975641013,0.9347060184605391,1.3874442151739375
-0.29462182096605005,0.09903688879311769,0.18196027877295126,-1.754948531956469
0.43920863389930104,0.2266255376720919,-1.5068633198374117,1.1219946385929127
0.9964902547029582,1.2271575859974269,-0.05730757727641496,0.381694513154603
0.12300267605447221,0.8237589577818117,1.3735849756596532,-0.2965125932382087
-0.8069097123969158,-0.9733039242902785,-0.15119556287476446,-0.16236090224426694
-0.3927200598449407,-0.6104752932882292,1.5104712756608736,-0.3346999815071445
-1.1155176372744433,-3.1287369240362435,0.12503053505414963,-0.9032900414645955
0.8416955447458402,0.39766533683192595,-0.7398535500733573,-2.0133160400469263
1.6555501057190858,0.5862950182021716,-1.3175412221095402,-1.8101447183958514
0.24232061750626757,1.285442094341234,-0.8960451610671388,-0.38961970102871657
-0.8126052145101345,2.3208728220557746,1.459321151125486,-0.23661611510479547
0.7106882439020803,-0.4686971894034184,0.6824254499363529,1.4572536444566726
-0.39367148639191385,-1.3924424511863671,0.19750423923406435,-0.048065503086808244
-0.9439415264889299,0.20323956487456823,0.11377752232633678,-0.82004399674067
0.04946006107913179,0.5802028085695133,-0.534078652772154,0.1695206669507299
0.030750332068934103,-0.7147608663603041,-0.4139336542172212,0.8209668724088928
-0.5606220794170804,0.37588226638418193,0.22244145065128962,1.126014644549325
0.15102761326964398,1.3449862284062677,1.4664515085546497,1.0390994449119104
0.991324718124332,0.7420430089081934,0.579875280570608,0.7585294851254895
-0.2383445527815053,0.023840887798044323,-1.9986935131607904,0.3627963813424756
-0.23354543463072067,0.11973041926718973,0.24490099740632457,2.517051112331956
-0.8191742779752245,-0.25752927787813346,-0.10665843093488105,1.1572614399678292
-0.1815162352279554,-0.7335202468377912,-1.5517598172017508,0.7404013149266828
-0.7268647534785391,1.242300555993389,-0.13474355083474182,0.011374490113076797
0.1486839882246227,-0.40306908860995183,-0.19871413910077337,-1.407927007651526
0.5879074120509378,-0.342388440765504,-0.11414028073537402,0.8249319087990402
0.4207190636136364,-0.37811512724961593,0.32054908966661183,0.2713010213416528
1.462069691224156,1.078252259211812,-0.4248704282300928,2.0883804272240503
-0.6115535879328148,-0.32434801751589964,1.14833994452911,-1.3034618272865344
-0.44027003705526,0.7015156951405588,-0.43673099063975407,-1.9651416074575478
1.0082317506425347,0.17422626818032788,0.2687932712495628,0.5272039232519855
0.15253497499387786,-2.3326310281037195,0.15006406780231302,0.09455983937777289
-2.1577865011086828,0.9812757263473351,-0.18603511488728688,2.4815014495227787
-0.3516055665964783,-1.4531718118611594,-0.08177646579879239,0.4334529924771664
0.3733985041057237,0.624635606429898,-0.9044258114252275,0.09931496063647567
0.16425132762281708,0.5632221817796389,1.0919777451453467,-1.215753959080436
0.9653373957240805,1.2580826403692642,0.43628571526433363,-0.7526832544232056
-0.959536362552715,0.5216066571055622,-0.1084130159093587,-1.8704011527995092
-0.8329019324343581,-1.7241516465979476,1.388086413213249,-0.474382253098944
-0.04586539435237166,-1.7142537691592188,1.0877422196835178,1.3706579274171082
-1.6143062325710122,1.4157193325857365,0.4318746871312436,-0.735456712712356
-0.016456044507477417,-1.2898569304091951,-0.0525718002815306,-0.8566096906866667
-0.020731051918382287,-0.8362767173246718,-0.6217579946417695,-2.104902851248897
-2.129978241243521,0.11958322907173786,-0.0019125200410408092,-0.21832415328911317
-0.44007376797638603,1.3384345533264288,-0.4941722793324875,-0.04011651017653016
0.6873126429002604,2.107850819916099,-0.6227752838547622,0.24507154768171435
-0.48213540728034127,-0.541242388109285,0.02400659557251977,0.1445429078873076
0.38243295021515306,-2.0181914068211735,0.16840691643513508,0.273717705182839
-0.1467013728479221,-0.31235863641256006,-1.8362493518208547,-0.8367227279044144
0.593469329272409,0.4559344847311621,-0.14290972117148293,0.22581122969570827
-1.5216744125286912,0.6131765692378617,0.043111949735412644,-0.20705008945646633
-0.5872115544921305,-0.5960876113149586,-1.1534071409357718,0.3184025064831991
-0.6969378854445366,-0.025224554753642388,-1.3465529329662134,1.5334537095496759
0.02932676395771326,-0.5928266045672685,-0.7287299923542384,0.7155386655784901
2.2639745502671165,0.043909205742949695,0.619327880319719,-0.8188768872112047
-0.42881914050755754,0.9159597997254106,-1.5120956585959353,0.10872663697632905
0.7334604383428756,0.5612299002022608,-0.7117901284000805,0.802267729213716
1.2366841380497346,-0.0029988414202855346,1.4055207133851315,0.5495187348931825
0.008225733618106657,0.8450644399922552,-0.09353972699439647,-0.0011988326256565458
1.207879907295827,-0.527092059834515,-1.1904339364167924,1.0961013047209847
-0.34694264495625265,-0.7352458984366759,-0.4107428279291647,0.7007001549933592
1.5731891540701661,-0.6161146031241755,0.2897283011704394,0.32368608921727215
0.5659839938554122,0.8821672466349921,-0.7025671784214601,-0.785325773071786
1.2412155926194743,1.8310891792016952,0.5427625304354516,0.674076173131128
-0.6005835936381843,-0.7872200157019054,-0.791813874615062,0.30717092323079465
-0.04338281942039909,0.2202818664978531,-0.8362366312004397,-1.2861903629220592
1.3055783057866686,-0.3844846688956404,0.550945070532463,-0.7621901678393315
0.9646160866791398,-0.5764108192032991,0.7407438543844366,0.93519669807814
-1.245919206300589,-0.10306378169156388,-0.9399841112476816,0.8952469961179734
1.3971741326805283,0.5437738139116751,-0.18205767320440716,-0.3071627424355829
1.3439311862015135,0.5258504799690277,0.6250705728450058,0.5116357122613368
0.42795269721717877,-0.14325715107207138,-0.9009034785937555,1.142132622251178
0.19942172565996932,1.819636350111521,-2.6377851113733395,-0.5138507768129172
-0.22966392030956168,-0.8902415016345675,-1.026141775792839,1.159881689414346
-0.6443203104781056,1.477430572297084,0.7512688804517484,-1.072894622751928
-0.09239583469888618,0.13185670955952883,-0.7620573681226505,-0.46989250021425655
-1.5639210977344253,-0.7132585257847635,-0.3815163948716068,-0.07758079274683581
-0.8936650927246816,-0.41421544881195316,0.8304828744190194,0.12539207390416762
1.8757378813228536,-1.1613927695337722,-0.5960843400260815,-0.5760596595346971
-1.4147915849732995,-0.810770040619799,-0.6338198137143005,0.4351831887997651
-0.25642384759642883,-0.40301166067345434,-0.7428338286839524,-1.795545486094654
0.6900866765477953,0.041042719289750555,-0.3135934845048585,-1.7778194847551279
-0.12532670518264183,-0.4988488027111474,0.7557002197531321,-2.52946422796174
0.19192439706421796,-0.6873514722441019,0.3144509024456083,0.34109238574140294
-0.30265919292171906,1.5781717508692288,-1.1388600077496887,-1.3557264376784826
-0.9927208075268958,1.4522488031873264,-0.9978579283149365,-0.49606262081477487
-0.9116388931206125,0.5428929453374932,0.06930213099735409,-0.7799200753442843
1.3257010190226135,0.25290628555963884,0.714239873232803,-0.7573576723033536
-0.014079395517059626,1.6588577545483552,0.5724433472303387,1.1346880314708065
-0.6045242101193689,2.615189874123734,0.12384023179469252,0.06497219781217572
-0.8831897826718594,-0.48153639928905867,-0.22430331921398858,-1.6214697828664786
-0.2456652835424094,2.242113329329915,-1.6868779056207979,-0.444571485457523
0.08317238337886322,0.029552454502499704,0.1593129919445696,-0.7969559366111335
-1.342001677336457,1.738845449674938,-0.36977508649087243,-0.14540782559472593
0.47611881671730566,-0.2383926460941145,1.5184611810722943,-1.2262039782830536
-0.5584663553201494,0.20311117186760164,1.032563951419432,1.4774428001826299
-0.7486888451063367,1.540472990976894,0.4924889884287213,0.3026292660610943
0.5059781946541071,1.2619711902996542,-0.062252740839825245,1.2518724348160466
-1.2156489481924668,1.442189279638446,0.04244774089780804,-0.19696991677836265
0.40834942951787573,0.06877877890456725,-0.8526837367973834,-0.010097842757231783
1.4218317217598906,-0.6803533391276856,2.5889437550914627,-1.4714031974394857
-0.315877275017288,0.29201086612735205,0.7414656332618363,-0.22763141767412173
-0.42097295566788295,-1.4386273815944841,0.025864028726036985,1.1002541170760283
1.4323926075015936,-2.046242904476218,-0.6974556962572381,-1.8073931764584812
0.0047181481651413434,-0.10486824325230186,0.08708536479043853,-0.8799113048629018
0.012138321950404686,0.9605597452749636,0.9374378324566044,-0.1300831389759913
0.8837925473041036,-0.3291186622561257,0.24436705896782768,-0.9233696798529661
-3.405432924313468,-0.02140622654457938,0.7947153079631485,1.4871697686697147
0.1926322339885149,0.38249335787811045,-0.42833504968251507,0.6018818312113058
0.9236890575186314,1.1325035724090473,-1.178423105910256,1.4841894028492733
2.9591964663409906,0.455202868722416,2.144226016975409,3.0317894596392025
-0.14655666609663992,1.3691917475751858,-0.6003730887927957,-0.11315729113495822
-0.8434746954816729,0.5383843366206654,-0.6407481134341997,-1.1027970192808227
0.10862632632716114,1.1473086638527454,0.9587217319004548,-1.8181360471266053
1.8491491587798545,1.17278825228377,-0.11830689682894772,0.8324412521236835
0.1780259348305736,0.4205816338503212,0.6254060873761856,-0.4713225064373755
-0.23414646740198417,0.15531928082339921,-0.35150537121494885,-0.7850479359786334
-0.8268099249526898,0.9808903900425668,-0.7509671592617098,-0.8106156894698259
-0.681741301269525,-0.15047452989302817,0.16925967231145395,1.6102995796201967
2.511460021763135,-0.5999856552702508,-0.3144413336265409,2.925966092155273
1.7782432794643936,-0.784343362723572,1.377082844552995,-0.5279450116631765
-1.1403430405740413,0.38488778189576267,1.0454713868822427,1.4713465652317537
-0.725551788139964,-0.6955297849933677,-1.3743517132261676,-0.4056909568603266
0.6481820775590018,-0.2508540373182157,-0.4507439076211891,-1.2186643873106227
0.7772264890051641,0.38952022034999545,-1.3405012294320946,1.1741998479424152
-1.788671975941778,0.814726383444067,0.1830476963412964,-0.9536472739168648
-0.3150220744472928,-0.9684897841782762,-1.0906617372397407,0.10386474472333374
1.4709900079072191,0.02792774718322292,0.4728819471034702,1.2002721586463314
0.5878420526918594,-0.6145313207910842,1.7407528523721514,-0.4511667169530887
1.1973744154538335,0.5818275708014459,0.6249153444185064,-0.9048904841664137
2.9402382725295397,-0.25160688821583765,-0.2005056842414205,0.5857135710978051
0.6708482278489228,-0.17019517362293451,-1.0471270871996834,-0.08187404011175715
0.19256818703677012,-0.8987521680643421,0.9552551636796851,1.2207864514005278
0.42044557838497915,-0.05217874782056375,-0.5248976739774335,0.5897521362114833
0.0203876562392787,0.23957419216370812,-0.44480127271945613,-1.1025396767649922
1.570396811955751,0.25025273232215955,0.5328883067165104,1.5222322742465828
-0.35493915365546086,-0.37087149737954267,0.3059595964940186,0.9158096646227881
-0.15079900385666542,-0.11281067762759157,-1.7180572818699313,-0.1851375156104712
-0.3646102161424467,-0.0457384242583642,-0.45383208730783803,0.38664651885519113
-1.379832063607066,-1.413249049912039,-0.8822432618116465,0.3612550341267907
0.11411085680768418,-2.402292830202189,-0.4442561576925377,0.24357844987580093
0.16021074782602726,0.26569408755416324,-0.7837070151111222,-1.4278379836282715
-0.444210123691898,0.4044182680609306,-0.18417530117534642,-0.7805818151055132
0.001970455458323472,1.5763342029203882,1.0579350764332331,0.3208417700954927
-1.2532977789709483,-1.1899401238831302,-1.7377522272175656,-1.6136420625392096
0.5335635644133627,0.9135105756735767,0.032479977328016565,0.007260579361228076
-0.597759051125285,0.5270901680366185,0.9589401786348409,0.4571252712222643
-0.768081100191769,-0.5316393771180113,0.7270233870803889,0.7761683453867904
0.03037591339098907,-0.3603564667184022,-0.4593470670076543,-0.2992311300581822
0.17633993060462308,-0.7017892030487847,0.6307622203525004,-1.4613210295246999
-0.674833857347721,-1.0270577414581885,-0.43167049769188864,1.2515098703914647
-0.38321867058734865,-1.14665783508087,-0.38617613557087827,0.13267359371753956
-0.04219106680067671,-0.22988028642769193,1.2004386662366073,-0.3958606955883834
1.9300200715578346,0.5709884035891174,-2.201804692389951,0.7705419927235461
-0.15595003436305221,-0.939640245333374,-1.5316239808793062,-0.1563150569853879
0.7130968522172682,-0.8893293179370193,0.5765839734817354,1.467309533633169
2.2001548799203805,-0.8030871783144821,0.2590418275173726,-0.930649945618047
0.35240950357247225,1.2727643524368484,0.11816143928698092,0.8154093159995233
-0.05373667522304322,-0.9832319620905852,1.1641898169947305,-0.17604745236881564
-0.5082170872803801,-0.3662959718810625,0.3022350139815887,-0.9774246203581807
0.5213436524429051,-1.1214226230000142,-0.5198126213367995,-0.6665057383800559
0.9127318078598584,0.6165434241423648,-1.6145624908600653,2.113555688070048
1.0403563643438698,1.2988221308256023,0.7876124895195656,-0.6361238725877424
-1.803738640431096,1.0945933314242986,-0.9858823553523038,0.028727557244952944
-0.2620495493515213,1.0585249224183864,-1.9051976762073792,-0.4348528107948215
0.9838049171966086,0.37325911574725773,-0.38491646759865716,-0.07981678443349857
0.30509792974101085,-1.345425303705529,1.2412109096256938,-0.6795137008182959
0.20660933636254017,-0.2910959510943313,-1.1524218672081477,0.01350938229789924
-0.5486202232183729,-1.7082273277673907,0.49849409176754783,0.2213166570026178
-1.713473217233486,-0.02395684575348582,-1.7230517548200959,0.6886497725095239
0.4905373443897811,-0.04550392234324674,1.2638983428656783,0.08692700364013549
0.05973852426892749,0.5648160304860581,2.353250322387272,0.410167702053118
0.7416931461909552,-0.16432549252474513,0.8089750134594269,1.3718779139986688
0.9037487824495428,0.9112457452804876,0.8904282268446885,-0.4564699449163639
-0.4524287531406124,-1.5703905098885584,0.08806979339648924,0.18772343701433652
0.37074689980417347,-2.305831520062393,0.4867150120835754,1.2144111669367135
0.14801198480574168,0.04380560304037388,-0.344494133450359,-0.7277975224364464
-0.5890707511551142,0.6700402781090186,1.2650022280633406,0.9731564738394103
-0.08631414553902546,0.6481405244772116,1.7423611176774885,0.8216379472304713
-1.128542336166161,0.5347576292588521,-0.4600719011712274,-1.9107245050349402
-1.5774258320516599,-1.3810606356337871,-0.3399154369891602,-1.2887134225066623
1.2432050096085225,-0.7572733162532113,0.15869722664242475,1.697068820525823
-0.12410970999220079,-0.2184296826565218,0.13051275256456613,1.9458444146885328
-0.17006179517882794,-2.0161895305123325,1.5785228214717248,-0.19857774044580956
0.3407249933464644,0.5533620774403135,0.8914650014404552,-1.2237025722676762
1.0171804947200425,-0.09945018405951371,1.131948087867635,-1.1793948129567642
-1.0954893195335744,-2.2948154620590686,-0.7734381081553626,-2.5673911729009404
-0.2120922223990896,-0.2762323687513545,0.49810189031634927,-2.4668074481317093
0.10729710885336648,1.4959888767759824,1.20668631732227,0.14286067525207297
1.0516298683758265,0.97278865407336,-0.6852613230586643,0.6391279270618989
-0.870670079540242,0.13735700894325406,-0.868090676852121,2.2294987962229778
-0.9534935753399231,0.2803354624714738,-0.21325352027907712,-0.15563783938894551
-1.9821301961005757,0.36134647060003056,-0.18677010209918807,0.9134862364347934
-1.0735598021618022,-0.3758414448369532,-0.9992702439746385,-0.6113300794096873
0.1189955514347917,0.04484367993072125,0.11419117881082078,-0.4070711982818902
1.0138344722882808,-0.4465240161480184,-0.22109441911235672,1.1607573164208382
-0.3984336555567563,-0.1900584393992732,0.3224511516451793,-1.4901504838555255
-0.3703418795830623,-2.2796950556519064,1.4079583101965654,0.6311912934406794
-0.4545796161679246,-1.3485866255268297,1.359668743908678,-0.8838756287232715
0.11357661900529681,-0.07158910570028937,-0.5463645773113508,-0.9307171691331002
0.31009014255205836,-0.38797851642368614,-0.8713144807013123,-0.18792410177027338
0.19709771682777782,0.1031378377936463,0.13741817108310095,-0.39922072555958826
0.10109408771959726,-2.448476316433019,0.5518989747026397,-1.0374468791623996
-0.7927848195723566,0.10643052052430678,0.2783049876833371,0.40631712293787525
0.11259822504264143,2.007861656319829,-2.2072237172272384,-0.7743409723994115
0.004802966586109606,-0.22003847918860672,-0.57145465265289,0.20737656364580168
1.663688676573381,0.14372099086446052,2.590824051732233,0.4433806323906933
1.6961173677807406,-0.18299572516296794,1.145446907825485,0.08888356745396944
0.4925560902187654,-0.5123040481449872,-0.8326187127903892,0.4740524725041796
-0.8101701574162309,1.2140569050146326,-0.4295966643150533,1.5326912675244613
0.834807147312005,-1.9001216057735772,0.822131487801745,-0.06925215764578728
0.36774775874564547,-1.8949332238118888,-0.7767463746746969,-2.208662184684052
0.8288865324176705,-0.5980713038537943,-1.316214770660974,0.6352373202041101
-1.2499167225426189,-1.4463739198378534,0.28980742030714834,1.1695152835648412
0.733535699597757,-0.604065599512268,-0.14001382760580297,-0.3744522891682848
0.8503457312766499,0.06884066464140992,-0.4887559021001515,0.7585072550759333
0.6997350935011057,-1.2540633514222677,-0.7680991498127484,-2.1977334559379758
0.001522815142092132,0.7578341148944915,0.3982706751160621,-0.470024201191278
-1.3902239988572167,-2.6720130878582147,0.9491282915448015,-0.7139699630277064
-1.6944736298087522,-0.7174122816338658,-0.47911546034888314,1.243339452798113
-0.4571615549578183,0.7923944171781083,1.611299337035057,-0.07380423702137076
1.472642046669235,-0.9373335979181164,-0.7852976336280895,1.4911973164017704
2.2341550748705217,-1.172198198679907,-0.4891346573098438,-0.17750320294766314
0.5534729404565142,0.04386889558500304,-0.11218713489059196,0.9756405870842402
0.2812825147660098,-0.41188331172182335,1.1536329206855642,-0.7988914004978982
0.8106306226496258,0.7564638752929808,0.16733333396379593,-0.1885120130220548
0.003856863743273514,0.7942568790305002,2.703504826376345,-1.1083009033732627
0.2390303933422953,0.9221166632870792,0.08781599547308573,-1.0104035506129927
-1.326710106727204,2.237648549923574,0.4885635757463545,0.5513614001626157
-0.9445269837653206,1.4772706458328544,-0.06968499413059957,-0.2485626950191897
-1.5701717754426932,1.3301956617123971,-0.40721663289448456,0.19945064300895637
2.444054161459254,-0.8170522734939043,1.0706342004802336,1.5626795928498245
-0.5140983775325205,-0.41915204647560994,1.4666459741753226,0.5149072740816258
0.18199170682336174,0.42769755987434777,-0.4150945905841972,-1.0170612009149425
0.062131973747369645,1.390787522298262,-2.2321030124092935,-1.0817304806854724
-0.5503883807581249,-0.7310932846521621,-0.3362957596086628,-0.6030070058864969
0.829799213387477,1.910390378409064,-0.2556845686580297,-1.5135188805824602
-0.39826287947069106,0.8009573899700907,-1.8663305894984215,2.032477081889991
-1.0686135700553565,0.0018226170260325378,0.43763850135069476,-1.2388111550485155
-0.6704020670382518,0.651741661970998,-0.20705994453020565,-1.3780190355308723
-1.9129885275942766,-0.2655101505718488,-1.546528928051562,1.5464909895144843
0.9215358165397904,-0.3958741093726596,0.7507411554244409,0.9489341601826284
0.1494053100933914,-1.3956296260937815,-0.5700599708101949,0.10722580228237072
0.9470145501649063,-0.3877383197489733,-0.07754661813950361,2.6305871812583788
-1.6236415071348176,0.1308546111234902,-0.9180465467944943,-0.5437518118166771
-0.13252522203309863,1.1927713210930304,0.7162867862915886,0.24248843794937952
0.8284674689659232,0.9469512626837351,0.7640753369628134,0.022178795249211958
-0.18807275689875924,0.48988145355207546,-1.9737184555639222,-0.22897165126836103
0.9873791307250135,-0.7434563370312727,-0.9257899309775196,2.2311341192206906
-0.18317087327933848,1.6047147387762208,-1.017366137027919,0.6264408674790055
1.6295499028449727,-1.3910489259372036,-0.23946899182565787,-0.6893949405903802
0.3603699572047357,0.04221303934449829,-0.7829553823290258,0.2302841189518448
0.19599980181713494,-1.026500127845265,0.46696022805492715,1.279682314487586
1.2377256402041799,0.539718248617758,-0.2701033038315852,1.2418646527853279
0.35221256664822675,-0.13902290560752412,1.7817445371379308,-1.2811209779224388
0.818758506179282,0.024592543019372214,0.4351608152533288,-1.1822532482576125
0.244538662495055,-2.9969844021071745,-1.0958705110573457,0.6424993169722538
-0.6215565541589695,1.1734863502660293,0.6263208662589576,0.23566454028424505
0.2048323034128709,-0.5516675515800153,-0.6780904097744183,0.471337695627596
0.4972238037407317,-1.2118557890623156,0.4587344734653027,-0.09185092119901626
0.4355918382942306,-0.05017867654949994,-1.1574591765404065,0.6178314207340769
0.6832794309998123,1.4809379469309458,0.1366877146687593,0.45212065374564786
-1.6371788773702478,-1.6330263053613798,-0.2764284053898998,0.804361123694964
0.5072946735753366,-0.6964694343006277,0.15014088223992578,1.046255552851754
-0.5761490537734006,0.591338858924958,0.3403906680089977,1.2157439910031527
-0.462934498887215,0.9137787614589485,2.407296237329206,1.2450369677660238
-0.10049790205564223,-0.41428789118721565,-1.075623973730069,-0.6699870874437545
-1.3756251499128895,0.6144927454033625,1.1998652008694755,-1.402034662735358
-0.9715257344011502,0.6192225657786916,0.5368653296143302,0.5432894076972496
-0.07580858850430397,0.8746614504038509,0.10289911287772037,0.16827406337718623
-0.012233534018154621,0.41068624551334804,0.8808981372643185,0.4285817977778483
0.5416444474662278,0.3573355807934468,-2.0352219214459435,0.1572792883260342
2.9243289661221046,0.14420751013917038,-0.08615031601692055,-0.8525112840531227
1.5967260903766214,0.10954911230243453,-1.2682947811261138,0.6532069715425011
0.30141574752052924,-0.27555094675276587,-0.24135978297330593,1.0997196749265408
0.5166935005937986,-0.8456153464865348,-0.3910531150199452,0.6396870038612057
-0.26460154118080226,-0.0888165841792806,0.47465135492176586,0.46096747800317
-0.8605239380753739,1.1533031687832236,-1.4649140784672807,-1.0619269869374033
-0.3631272704225969,-0.42965891232165027,-0.9761936763810048,-0.28227193183237625
0.6963338015476496,-0.3650834278460595,0.572662889841709,1.8205353524432581
-1.402630743371018,-0.6782237638673326,1.1211312986141664,-0.362310281473905
0.5427398879136458,0.6371804321530138,1.6358755814662915,0.736477234944136
1.0459396325817647,-0.2909023373813316,0.5533965838429141,-1.528777699733686
0.22885878573577328,1.3603375453515134,1.2925017395561904,0.595960563749862
-0.6309873149975259,-1.2668892595545733,-0.4939388144472865,0.876868725287402
-0.7624126171544237,0.7562960265604359,-0.34309565417456117,-0.8649454055062518
-1.4809439515374045,-2.957300454497161,0.7981499867500411,-0.22703793600105066
0.7151467103958504,-0.45310814416252426,-0.795801618486568,1.3380465771878145
-0.2642914380544153,-1.2938244156771024,-2.241839356412679,-0.7396709273373185
-0.06527691921399605,-0.7642097766583118,-1.2861739001973378,-1.2142924105863961
0.4981636555932094,-0.3572348479129359,0.691686286494712,0.4560673215545218
1.5686048038929477,-0.14493332371245013,0.018776499731666476,-0.6657591941088987
-0.07068829500677724,1.2094587007074904,-0.32050480759709216,0.8280555994892518
-1.7310488314071575,1.2204474159589798,0.4280442735797508,-0.21568857672311753
-0.6054481968050006,-0.30787880376731747,0.16523896249968517,-1.3768604973985292
0.6053843014904232,-0.45660639123314256,0.08904601814323322,-1.0957660135697103
-1.3222255073081497,-1.7329763577294763,1.380656982531292,0.9954186497682949
-1.1331969795964942,-1.219263147673582,1.3342198900196738,-0.07550857720833681
-0.8351063725977175,1.2434138569809945,-0.26133834843641696,0.24941276060914097
0.05587154199135823,0.7758149279440072,-1.552344291010193,-0.008472062289012603
0.1912917289150383,0.6079758126687813,-0.7471819124907908,-1.9564341420138813
-0.729769330479542,-0.5266511912731348,-0.6916848096062519,0.49294847275012255
-0.26955838826730516,-0.6755715666094134,0.14297920273203032,0.2114157858164272
-0.9384799626757683,-1.6337323850736623,0.975590983866043,-0.9456374823290055
-0.6657272104035639,-0.5264239180133758,-0.6671112392703689,0.03807453987333744
0.920579843083949,-0.6672006598306071,0.7764234496141496,0.1898349334091563
0.34298157792760225,-0.6699244728690461,-0.6511151634936134,0.10187201230290888
-0.4602463771055702,0.16168440108048723,2.0543459662829613,1.447721282627127
0.3121928533740177,-1.3230876697340277,1.3916339391011079,1.6495253281454882
-2.743106638620517,1.2385050995132814,0.23554791301005687,-0.15864755475376124
1.0928891512336558,-0.22297847693557546,-0.5799117058417232,-0.7200428162784934
0.7117890643976403,0.7531884399414681,0.5958403523707022,-1.3636258283553118
2.5589389374675817,0.11157259279466257,-0.5098477993760724,-2.2459041815419205
-0.5879199668893618,1.583184875753978,0.06898994909464917,0.5580629046119869
-0.09153428158394981,-0.179214384399084,-0.3680347598904756,0.7645733919849632
-1.9693339439721784,1.7735322512207234,0.5492016476023448,-0.618292914804836
0.3121206046868332,-0.27253110340630965,1.529157217167484,0.10532732203234388
0.21122739085149284,1.529622447577214,1.4026683056564195,2.4386134178311814
0.9962183229778374,-0.9715173873873448,-1.3515733532925238,-1.51200268569139
0.7083949043827419,-0.22018452521162854,0.40226950073343726,-0.3134345047321547
-1.9450282187799877,-0.660625431249313,-0.1192345018340709,1.7325171510994053
-2.068656626011285,-0.51462101327721,0.8934476749518314,0.22766598553040718
0.7269631319976578,-1.0881146125927628,0.3300974395221919,1.108470068062635
-0.8142415107656432,2.317478812365024,-0.22247183717583185,-0.5323367180015555
0.060713676404546814,0.7538163762690463,0.8846531455379298,0.3126862507563987
0.7841021905833865,2.4928334210766225,-0.3238656256966247,-0.0052710532101764825
-0.5431704017248771,-0.5315399633562451,-0.4245660901983187,1.272509352981869
0.7299177630519926,0.9357732896996465,0.26304180295255347,0.6460811286759665
-1.9010487557881541,-0.5826301540091106,-0.9335694309071495,-0.8707208323370216
-0.6479617269363348,0.4050230848017387,0.4089798656023374,-1.200447805739484
0.42329737893587227,1.1771732159795083,-0.10199562204497833,-0.07799283480522443
-1.0255892602953889,1.263934140116178,0.37824075538221225,0.1363192878291256
1.2436180201282974,-2.1826041703914103,-1.8234447867064805,0.2464745866748194
1.1581287578128732,-0.8854403060931101,-0.3231806107630913,-0.5722523317322319
-0.8819557224645568,-1.6177625215811684,-0.5191701434074314,0.3804001946328711
0.6436669827475786,0.6167572308102227,1.1618693920647778,0.7235159276425287
-0.9552389089788031,2.633065594337502,-0.014065369677280223,0.9850740697895876
0.6453017167235103,0.59630605961534,-0.7712243707619124,0.24770909520665885
0.6452397513581736,1.2177997715329145,-1.0557796339401941,1.6650157538317587
0.5184848705870352,1.1023021378188422,-1.6013784708007832,0.24004917577030624
-1.9442516362811277,0.40493537894049364,0.07866645132981395,1.766355051031966
-1.1678411854277115,-1.168997207036385,1.089754928800773,-0.42862881426503024
1.15531430332424,-1.960165018430814,-1.1095786084191173,-0.6924537073751851
0.24011427697221785,0.34315795434278956,-0.1586714766321032,-1.2185256167358178
-1.6271055069931784,0.2530689494524209,0.2863772161160521,1.2737458371620323
1.5929230718143461,-0.43609968514602016,0.002113651714009834,1.2107077184375907
-0.1278186343356514,-1.2146721476536573,0.4749506759797578,0.7672818359212542
-1.4480418498180965,-0.18511489477070667,-0.3731052900452911,-0.5426024779772733
-0.8195146465225981,2.196957758496669,-1.9752130340285163,-0.6639436565717005
1.8383692862176786,0.5418008024998092,0.3170020966435275,-0.2929053522814982
0.7807391461662273,-1.6227111683378248,0.05469548895573089,-0.7002785302954867
-0.8268835191514395,0.4183575609825883,-0.016281173569639328,2.2049622364996067
-0.647291820726298,0.24443470431826492,-0.11497890806142258,-1.787227166561566
2.1918528071063124,0.49375864969376665,0.792475662640932,1.0837108054801252
0.5827612359296644,0.7310154038579607,-0.03683458054405726,1.1718553382178871
1.317639004892493,1.368957714344898,-1.427569163808425,0.3114216198161834
0.8686603923067482,-0.46512916464862164,-2.279082061615617,0.18788489521845553
-0.5306259453307763,0.6358770036665227,1.029421960816428,0.9215334508598784
-1.4970218971576525,-0.6499076339853315,-1.4504726967089445,-0.1639779750167825
-0.6716999116183081,0.219799664810973,0.4882188948990658,-0.5362451776725322
1.0361714994550089,-1.356752931867681,-1.489856293691862,0.3556038528341476
0.37540174155283285,0.4057991556827754,2.0692219526600355,0.7456890549930971
1.3106743366430489,0.3953039718604223,-0.2719730920289142,-1.2122931188048216
0.5064692576061028,0.19164637065555248,-0.4196809961060355,-0.804850030971255
1.84504765571985,0.6680869357125745,1.7348857099186776,-1.1724353348398615
-2.116745874348397,-0.8920807934537416,0.5144213734271357,1.245204509703542
0.07129333452590148,-2.026201331223472,1.8820354288069703,-0.26053597052462457
-1.675443613128439,-0.6733540824962762,1.9451168933575012,-1.304960589618362
-0.24472521545147743,0.6400079366513295,0.3404976818583705,0.5451467476961541
-0.03566717374566982,0.4892600734412486,-0.3870558608743477,-0.6802278487984181
-0.8497248396416388,-0.15562447744854474,-0.4367163174240957,1.9938922883493175
-0.6023497273176762,0.5174453628863199,1.1661383985730769,0.23355523883437
0.6768252770913651,0.4815500017905125,-1.7744458297838168,1.0819034066827666
-1.1076043866139564,0.224874751446685,0.3434170543096783,-1.119810727900515
-1.6454757580224635,-1.3920949437198211,-0.24831316466815265,0.5539496591539821
1.239010590190728,-0.30464152609590855,-1.050025569419718,0.7847597361505475
0.41090016726852713,-0.21812003569691654,-0.969018292071287,0.02224770206248815
1.1361652457295792,2.4398626549422318,-0.20220331228870778,0.5506017741439805
-0.3701439889547981,1.0685804270967718,0.4770597160205636,-0.7608771966917689
1.5139067432133442,0.15494774759315533,0.321564714138545,0.17528200443829428
-0.19400030107860217,0.986082026984496,-1.1628518679941964,-1.3539428347484166
0.5371685848836213,-1.2789423572812046,-0.07034293839536501,-0.37369957752797983
-0.6663527115735562,-0.9280897752357523,-0.4848837742024701,0.2485148452732117
0.08741916049912642,-0.4292483816747594,0.4554348957918865,-1.2686807469190344
-0.5554359071735796,0.9938442826186854,0.8514079225504025,1.2691392787868245
0.4300805741128274,-0.9607768937910344,0.39679507916420736,0.983217904588648
-0.7863666095997899,1.5387541058625802,0.07606665436025577,1.9829212216736227
-1.1078768584627963,-0.5033597519964135,0.6338913080033579,1.031204535596175
-0.8148537339174846,1.900679757430851,-2.0327947690907657,-0.08205913469495882
-0.102584007343178,1.9091349086119396,-0.4299107794558432,0.9523659697606564
0.19514153145472268,0.9635980122755402,-0.08810275899242077,-0.5568912431346813
-1.1050697344545175,0.5858680190322837,-0.4325476582828275,-0.19764554008679538
0.044949433010329505,-0.24368596232390397,0.06885937902680304,-1.192909185487387
0.8462487438380789,0.0402272181701574,-0.2861280711058023,0.12751163091724077
1.093035824076943,0.32392250651166266,0.5898316097746521,-0.578907507722332
0.1895185725729579,-1.3550576416072169,-0.18888648455616397,-0.6503900704542526
-1.5126514252016618,-1.7284961463894521,-0.24433666233079776,1.291938410472423
-1.0074341114315077,1.2801879102474292,-0.45273190028459326,1.507271026516835
-0.06024995899680002,1.7211576301592002,-2.114368175357212,0.04894653720342839
1.8786853478503163,0.21601431183769482,-1.1249883226725625,-0.476894783044953
-0.5046227339704349,0.9133523590689491,-1.8859712888660212,-0.9554387759134687
0.7880790385325965,-0.20821707530811323,-1.023612791507411,0.15168859963507897
-1.0443091699375673,-1.6377169789184998,0.04671345253932284,-0.6413998702420426
1.3919559053861028,-1.3349796891529648,0.2958566354828383,3.4620355552934017
1.4752646193341898,0.33694770519721434,-0.4349393055813129,-0.6523714149003363
-0.9238352191366613,-1.4109270474347864,0.5769501272307768,-0.5118297761234271
-1.0515893656831552,-1.7562609253237604,0.4471874424145258,0.4675523312047154
-0.379876507784952,0.08007052951223773,1.4085861566563005,-1.7790403475685355
1.864450407592794,-1.0384526767183486,-0.09357472579485866,-1.1424924453421905
-0.26611371091212294,0.18789963263387363,0.4487353362972755,0.8559176759884919
-0.17713854720571573,0.2745493011716024,-1.1236558268851402,-0.2300555740479166
-1.8236814380950053,-0.5437721427711708,-1.6291126633195263,0.04064175120824811
-0.23694206448490077,1.4843430058257703,0.2838779404321604,0.9449168767660238
-0.6620327878694123,0.5712446402593881,2.234137859691054,-0.27054778790053935
1.1305863881749891,-0.6999509656245136,-0.10594106722136426,-0.9739403129645441
0.009544417416267704,-1.6809075331829202,-0.06503808579117581,0.37234304381395855
-0.10653330168824597,-0.44376582960615857,2.5279086616350437,-1.1218482872979723
2.017258885807922,-1.0860515378666826,-1.7727834657907908,0.7294311394842291
-0.8540842804612644,-1.670939508432377,-0.007678446023070707,-0.5503649958288992
0.8750445807001171,0.3122136181199425,-0.18993737619329054,0.9745018132190039
-1.3630886032792746,-0.07632488027757194,-0.5447400331769088,1.725262654116164
0.027715656502770275,0.1662814051763209,1.0507940779343437,1.3576205305943037
2.4939431811530954,-2.013471555507512,0.6473966866229638,0.09001204832147854
0.1978475836364218,1.189665617361955,-1.1695665753331084,-0.6981272789390507
0.283702104976582,0.23500004356124782,0.1380682397213251,-0.5392603549007184
0.574413920620617,1.3128010399200416,-0.8011148677792648,1.2008688504516103
-0.45334978473973325,0.028793786470751995,0.5575293803453033,0.03645710940816928
0.1155498688748129,0.28299896555234094,0.07723677788200801,0.2728823540179615
1.149800945865256,-0.5915387618231153,0.06950541790629208,0.534641949103289
-0.6339369753942637,0.15739042805252343,-0.23720158856059018,0.5524614789500487
1.7204709446144675,0.5872841335588654,2.21714045555887,-1.9172020566508186
-0.36163624557445334,1.0595991684689856,0.22656892861344513,0.9744777760861186
-1.9462631976986717,-0.5955807163009943,-1.3024633230907747,-0.048911028614524225
-0.7095099172958519,0.7169576200281512,-0.12803754247427734,-0.10175062353230388
-0.738861315168386,0.30566921952272624,0.5943726797292093,-0.5921327878608302
2.7091428980757932,0.10936924226086259,0.28352609314496985,-1.2279980253741103
0.4459892597843226,-1.05784069030987,0.04410735325274603,-1.1325719917306205
-0.423843919575576,0.8652487883237289,-1.20970621972126,0.6389762056408977
1.0202138642779202,2.6550299511984483,1.245805271901319,0.6721792941696882
-1.3668691408371678,-1.3015302657731647,-0.957480625093269,-0.5450680635244897
-1.4887753147196965,-0.9677914077891164,-0.6124286883663714,0.42632784129579626
-0.821133518192337,-0.9818086298514321,0.2861030996308859,1.6106796543118227
-0.6470683951724246,0.5792537841293767,-0.6510839823956186,-0.7727102664113078
1.9448202518148083,0.1855305126255468,1.1506390463801672,-0.934329400506894
-0.06306191734282808,0.7461813074447745,1.0267085742101043,0.6421663154373963
1.806944319107845,1.9999827570159792,-0.9539712322997549,0.45541167117986125
-0.30098868164846354,-0.7746587564414396,-1.5040046208197644,-2.2627040978179873
-1.3932896108568456,-1.3063694428970645,0.6102294242581536,0.9476359247077757
-0.43205236840683664,-0.14755606539492055,2.4697806228286585,-2.052092748264445
-0.14787960776944553,-0.05276066317639875,-0.22324695946941708,-0.3433268039934519
1.811410615533222,-0.659089068852709,-1.2781616164692973,-0.03900127633812298
0.3122966638689077,-0.31134078112365154,0.4131000316250219,-0.012045703202675489
-1.2693932572035542,-0.2630438426737007,-0.4254679851518922,-0.00899849222023075
-0.9561859148057795,-0.7278189881483715,-1.133735688358232,-0.15420599693378306
1.3319080249205624,0.11643615090232974,1.3352242782723924,0.7421881449925956
0.8818400846169723,-1.7942306947283109,0.5194000824584585,0.2901154148294538
0.9054232918702974,-0.7024793317763887,0.1791846514210093,0.30914162309811394
0.8537468116516111,0.1117611812795701,0.4874606419963222,0.08363512324639369
-0.11126445525179723,0.9064348688267583,-0.8711220920716317,-0.08001700831671328
0.5604516931259895,-0.397302333633524,0.5854024211250621,0.7297041717688021
-0.05071127864674209,-0.876232937284047,-0.6308656676597866,-2.5733851366752964
0.24899162063425564,2.1593574595707103,0.33664662714776544,-1.1745511974675251
-0.4098181817759219,0.9991560326675226,-0.32924197922027293,0.3807970658580492
0.7302142150539638,0.4210042644749216,1.468881273247476,-0.2748032410075447
0.7294230047315047,0.1192309368106082,-0.10586469277816814,1.4261186036350393
0.5021862442971722,-0.9779372735870572,1.1256564416469483,-0.23584231712276316
0.12398687352974595,0.16902656842565525,-0.0035583344448260118,0.22634630887559154
1.4617493276180302,2.0664783311267256,0.5737611002823718,0.5181335387353058
-0.5677775286981459,0.010892441153628661,0.33061965356726414,-1.899754956419086
0.39733397597235526,-1.1879421635590115,0.39893275156875757,-0.5443230214380684
-1.6519750716508468,-0.622865436479732,0.7290455204357607,-0.9505737979368835
-1.11108059936281,1.3901544432144064,0.3134105491639646,0.5973196721228188
-0.9483558223533676,-0.03874441489816309,0.5112057575283621,-1.0197700192566819
0.5643659393636893,0.7826431921177804,-0.11288792851640281,0.6567454803974483
0.6629137053696291,-0.803405133953416,-0.6121217009154829,0.6262096798404442
-0.15041541002865977,0.017734647467255813,-0.06193818587447461,-0.4221155897752785
-0.36771255277711,1.1176114596464204,2.0513058690663577,1.413172330836779
-0.9240355959216675,0.4235283563953271,0.8504433807536672,0.5042210790637796
-1.414983734026899,0.7758595242264772,0.3828572264246419,-0.1570397709196369
1.0734692647870911,-0.39597918164312784,0.4441559815676929,-1.0321297292334877
-0.4337508691373024,-0.8977336746561421,0.0798453942692626,1.1408784746146001
1.1347616962069778,-0.3030296265408482,0.560173613786956,0.5540156650935366
-0.42106852893092545,0.640594780403828,-1.3262734489542223,-0.18234055043417238
-1.1286203022177548,-0.36123946898878473,0.19178158066660606,0.5478575391920723
0.9950463869412879,0.7071602040092009,0.646329366180365,0.3723089177886995
0.8631059547074779,-0.37872900175837804,-0.5899430371465411,0.5260116045256006
-0.49305377993682387,-1.7932938091579618,-2.0860695003370155,0.34216366839275064
0.827836972592316,-0.5198696405617512,0.07700030894347251,-0.25323916346418057
-0.0976146374514439,1.1474925797754005,0.5532324508591695,-1.0108881984667122
-0.30765632497777556,-1.0239114506835736,0.6427532464431889,-1.8047443440618893
0.8171836953941721,-1.4889895760014356,-0.4660030604719629,-0.07420465311898315
1.7911914863719127,-2.006472514420903,0.7629828521449451,0.027888708679478506
-0.9046253372166134,-0.6420920659675035,0.25744377522177175,-1.1367705323206883
0.5456083189545943,-0.14315874828369315,-0.6999737666276141,-0.5333788512963928
1.1858222603294384,-0.6934427696044603,-0.33870996716730284,-2.8042532259314155
0.2562158140058794,-1.3370472744007784,-1.474255221186996,0.6780549350741959
-0.17174705839201887,-0.25837861924751315,0.8428062618332991,0.6086705230994968
0.6764212521883408,0.1962995740796666,-2.5609296891083857,0.9033073041620517
0.5255516460520906,-1.8066859882482151,1.0270128634179143,-0.7134773406012563
0.6192531354378404,-0.3883172479313358,-0.3629456844154013,-1.0123230916390238
1.099948819805815,-2.4138729354787065,-0.005238656858051561,0.7124640456038894
0.7172438846744918,-1.2100883507668356,-1.3147262854571142,1.8308075020448416
-0.9496086353614864,0.05398552993516166,0.41742770209263264,0.3623999270676893
0.6220800459026615,-1.483285482137682,0.6952826022488637,-0.15590739882910076
-0.2053283817246999,-0.010546940993170328,-0.6806627993708253,0.1309739052528637
-0.3766677064827149,0.19208838135159628,0.771617421785001,0.00911949674592684
-0.6154994414685433,-0.8066968494138109,-0.3777465267218739,0.3432963226402442
0.21894950923952672,0.3352538108697637,0.45775253976786495,1.1033006444069906
-0.48672619405910816,1.373153622080763,-0.27269599892791335,1.2636607273408162
-0.39613182586702483,-0.5037080130807373,-0.15632653674510977,-1.4319082102032217
-1.957678773836659,-0.507721795371525,1.6161904930772386,3.2294039386702877
0.8156920199965401,0.2842281963288581,0.3202574863530971,-0.6631886816550359
0.37819362242364607,-0.6907509189241777,0.49428872133639806,1.0214462585185438
-0.1594436693007585,0.062039338542114214,-0.6206399702824782,0.10274095332484677
1.3768403971069036,0.07696913088780902,1.4343968623773213,0.9256612276912949
1.7629036491646854,-1.6106944094459388,0.7704235629692351,1.0114240735544153
0.9351142665365553,-2.7358770582141,0.12056152871673012,1.5603191756221826
0.4909071238137138,-1.309122419231577,-1.5560935738104722,-0.41884444743676086
0.25712147348157527,2.921331465765009,-2.241459735292151,0.4954859717938104
-0.8963422394119573,-0.9275196659807231,0.9279165046302791,-0.43706288337691646
0.840193146723232,-0.7793391836924901,-0.7584683038156589,0.39307309409778324
0.34672873873046695,1.0899972031661862,-0.9170614636497173,-0.2921188711953305
0.050519157392003584,1.3321752165698786,0.19999268374179338,1.6090894872110064
-1.80860002969323,-1.5362637305009694,0.6134882830749355,-1.9822601762940766
-1.0074523289397042,0.8574193020747601,-0.48014256659500953,0.1874406205041015
1.1615614069705098,0.28757925110105137,0.5416320721128767,-0.935817789493819
0.4607521536858509,-0.11959639508195459,0.6202758088887927,-1.1072990332959287
0.972406312425774,-0.1560695788122427,-0.26758089139332975,-1.280306492746346
-0.47903862957074206,0.8769116009576219,-0.23983621607079694,-0.42088077130504004
0.6033150623276643,0.5640976737565303,0.47336357754952524,0.46289898174821065
0.9728619577451199,0.640809167886164,-1.5957974780336817,0.8055252735548604
-0.8047492574274067,0.2929688343537038,0.2706424946781988,0.7066759593261367
-1.6916328064768713,1.2298436982236893,0.7596886499405923,-0.40365299484858536
-1.302535658909735,-1.5605327552718082,0.9023304627394295,-0.924075103914914
-0.6129528017679897,1.2512720603235636,1.3862469492105964,0.3686566892746994
-1.2805920778713906,-0.026880060669228385,0.9125040630325205,-0.8194590531176102
0.15434374174489532,-1.0674609855864494,-1.176675805138015,-2.6257302836590535
0.7316814124675183,-0.41589832758199236,-1.8565710496636998,-0.02115723425491283
-0.8525087539215236,-1.2228858297931988,0.48445614269706355,0.008499760786889396
0.1551565209295053,-0.04783052724918819,0.2502822437095966,-0.04070910672778452
0.3712311855009938,1.8238584472400947,0.5687665845964801,0.06706197546087096
0.40089976902684615,0.5678105822593896,-1.812874034362203,1.4114768430714337
-0.7005207482787268,-1.8782319541157044,1.9726655990829016,0.29067969713341085
0.8554489926393208,0.15247472132701992,0.46480402557214956,-1.138908929183757
1.6244906945968878,0.36359685067832126,0.949951175658712,-1.9638834791302346
-1.1476816774261198,0.6546664624629713,0.24647710468601264,-1.6401192131123763
-0.738957212426484,1.9828003386172173,0.3938225725745428,1.1315807645838973
-0.7406292225455661,-0.9495393865173226,-1.6247266196737484,-0.017652166346244696
0.3183918094693051,-0.4154792089393964,0.10148696251950687,0.47207341390154334
-0.6672342665502234,-1.6487581079408578,-1.5408210222804233,-1.3203563682718369
1.6290713423490846,-1.6356372674873563,1.7735992810636863,1.2536473565350172
-1.2966441273481926,0.383872390830494,-0.9448896821942053,0.0567511934242264
0.5930915739139397,0.18465039934069144,1.263767429724127,0.4468405311126134
0.9054730325575994,1.1654197558808683,1.099175185403395,1.5085515298646586
0.5441784039864038,-0.16664813242679485,1.834942958236823,0.06250931180969797
1.7702133222865721,0.9886066115206024,0.48030035089576983,-1.343987270282427
0.5660251028512506,1.4367037160038467,0.097779697705399,0.26337489600780517
0.7188974090345551,-1.67435180530523,-1.459151813031059,-0.18155235037143339
-1.7134411395971398,1.452958867056989,-0.8094547605627043,-1.812704326941005
0.11537510546969106,0.6076494184470518,1.6369485396247954,-1.8454538446267101
-0.25003179371225576,-0.9519123061459068,-0.0655278035271599,-1.3154205563944004
0.6039375172480531,-1.4743760769591836,-0.3538553980553243,0.1461399169848344
0.42476200888211496,-0.21064204816754703,-0.8349947151273728,-0.34067619092380463
-0.15782042682971648,-1.2645816059911628,0.5342565214274101,0.24775841157347478
-0.7879635664218,-0.8951006903844545,-0.6647345438293126,-0.21987523497645514
0.48550920940186354,0.6349343683055364,-0.16147739658475377,0.7924898385298539
0.15864781262632716,-0.9757598869922763,-2.6866017350066222,0.2732102396415432
-1.3866013076597938,1.6805829480689263,0.9648142906030446,-0.15120332586612256
-0.34698336305984495,0.640152801568589,0.026279962222548043,-1.243437601396087
1.5845523412430158,0.8537639327390255,-1.911362928317024,-1.5466867635892354
0.17614241376592904,-0.607766082338849,-2.756538237276255,0.865703033250292
0.1318777330305994,-0.09403997415956579,0.04805629968830807,-0.19352567063048456
-0.26218377133856113,-0.16822022003461143,-2.1649323960854647,-1.3690612201612118
-1.3146868771052977,-0.7380172939609098,-0.6481550312024885,-0.14865086203187627
1.5649180309010304,-0.5567097518325976,0.42909893142317673,-0.20559936290560868
0.5100640324328342,-0.17452539664267303,0.7642891860498945,1.2888343192059508
0.020539973110315926,0.2634072262837694,-0.5681186881925764,-1.0291339637105998
-2.3265924049198197,-1.0377599214749649,0.06537249716499913,-1.287010167771542
0.015649646785532104,0.8000737659242696,2.0537667240115303,-0.39344201218486813
0.8956795935958846,-0.9788345511235033,-1.6307501523555303,-0.17811233891625
0.9117410615514189,-0.8463935534777652,1.4136735389265946,-0.9155162487413523
-1.719243806412943,0.5839241835370659,1.1186725450260109,0.8256015143535197
1.6773220088073615,0.3255460191529628,-0.07396896847804686,-0.09672695176668608
-0.17421256450209285,-0.9613198544589387,1.0442742059899957,0.09113440391083283
-0.2828352525366603,0.7020745138085028,-1.3364623542842804,1.5496552190878048
-1.579096205776423,0.7302276321064062,-0.5266450920351368,0.6088563422446879
-0.4397742003061316,0.37403233927153023,-2.1283253780028426,0.47583956838592606
0.19190618189037204,2.173718125872788,-1.2702740417403746,-0.8278297949108918
-0.3910814110963925,0.5412850015279443,-0.36458451314977497,0.24436045807816784
0.5015921431342688,-0.7601868459656763,-0.37231296737517466,-1.1543106576558486
0.1625692095628296,-1.3842627382307517,-0.774856167249542,1.5147922152344444
-0.4543419287752557,0.21023053930929525,-0.06771514170794525,-0.20759407936707291
1.0402783839696805,0.2995971119362633,1.5971350119669117,-0.4029935458537668
-1.2788868887557052,-1.9498140178472865,-0.4725248377966652,-0.1288049082486399
-0.2536826475118439,-0.8364889422109929,0.18230149293252362,0.7668039398578569
-0.13336141131220824,0.9202846280424445,-1.7173197024018747,-1.0410468708676512
-0.7324600365943585,-0.9678876797099315,-0.1960230858549095,0.4547379799054116
-0.30427621848996805,-0.29004632331402697,0.30673571866763366,-0.41139796779263227
-1.4504012594328466,1.7990170057952346,2.0201449260563575,-1.2825417975579163
0.014578213198259998,-0.4852203295740979,-0.9873232361570539,0.5305445987790846
0.7877922285857117,0.2990333946263891,-1.0785014371151438,1.5288059669565137
0.5942188472163861,1.1311365928026313,0.4003115027350828,-0.7406993053346211
1.7989394548990816,0.369233989299992,-0.608151768476896,-0.6474834034530174
-0.6357427814063377,0.8106666461289412,0.40297923535968244,1.3086853611063056
2.1026175694795666,-0.3470237116206313,-0.08523738867443621,-0.706389482311725
2.3848056664208883,1.158000364693666,0.9607541876498579,-0.6672874512860902
2.135950000243712,1.0498933889955646,0.6198742121487133,1.1408280972331255
0.9496017623258065,-0.3278074159873539,1.1473034896845742,-0.7629035323154274
0.35420799304384354,0.7979177291985408,-0.8803538738125755,-1.2250422550663875
-0.4896155782625709,1.107712655230658,-1.7695072417268667,0.7040760760439682
0.3423500331693056,0.5363582853975171,0.1322440633401373,-0.5469056758843699
-1.2256325049816965,1.278799605323716,0.23626206010695058,-1.1655042770061648
-0.44876693702011344,-0.572674266565751,-1.2425097329388004,1.175665354713309
0.4319110146063479,0.6829606662944612,0.8707924388279895,0.029126509819038353
-0.7475789475470106,2.5193443218142133,1.5544408497787303,1.4777268799300445
0.5378180846594967,-0.46923180835519446,0.007117409393912628,0.1902135068776626
0.46309619004286384,-0.16679510737282743,1.2431531522859582,0.4322722974882744
0.30117440040720006,-0.5526332296768905,0.16943102844517793,1.4017973268263457
0.5625558181208131,0.1752585999051406,-0.7496248567937344,-1.49915074184783
-0.4669294055457373,1.0370468232310321,0.3554680094732711,0.7533444301291438
-0.5687827297966178,0.9710099992202915,-0.6170612978413927,-0.5753618424699718
0.6941198058074579,-0.6735322485827868,-0.13726973084497335,0.9945086127814317
-0.2506355676881587,0.15635417270481294,-1.9027166420470285,0.13271412121022572
-0.9983736697484409,-1.7760748843506338,-2.0815683662082045,-0.15738034617371213
-1.2045712400176198,1.3993476583854871,-0.10116800875505207,0.8352441750078234
1.3996873562709347,-0.40822748334906384,-0.006761259375106036,-0.2119062861993718
0.7806029394328662,0.4551960543774203,0.9776655594798805,-1.0881628032984036
-2.0203580756825406,0.44009721440250194,-1.3965381489600477,0.2229320136708956
-0.7426562152808072,0.8632189757312225,-0.2866924330877126,-0.11095765395320983
-1.3396511621797502,-0.1404971594079166,0.8466096701801916,0.6851675540949267
-0.14767162222964014,0.04131537611195876,1.2137432101379737,-0.3141003153530616
-1.2927043452238909,0.4672637757723748,0.5007605853425334,-0.8310502268233746
1.266122155473381,-0.8719776241413042,0.051086200827560754,0.6480288971685668
0.7931515913668442,-0.759934805431578,-0.4208965527172551,-0.19520547175879469
0.06329237737621715,0.47150400709926316,-1.5203963053716925,-0.0022699382964488707
0.8055205880927804,-0.06093449479824083,-1.108066028762821,1.4256010722987493
-1.1201518596909246,1.4485157358093168,-0.07826332268158005,0.17683032642703275
0.45305575343988147,1.1873447076260766,-1.7077436168893672,-1.4304027792835978
1.1832914771062535,-1.549444247035774,1.407230106039552,1.3318759530212838
-0.4309827244537739,0.627433913519725,0.6580166514669602,-0.36576306274641046
0.98363483219877,-0.7654063125587706,-2.075091705046275,0.2698096333097268
0.620118580247293,-0.8731374633270734,0.7730349243576823,-0.18277802413386332
1.0013229281706875,-0.627561837415563,0.08281077916119618,0.8405738867624544
-0.41321502067722965,-0.9097045029361779,0.4401463412322716,-0.45987479805562
1.2776643863891923,0.6951724206710113,0.36216668778722905,0.6077135794859166
-0.12222711713675358,-0.8486954739758573,0.9970382516923524,1.1597492205905497
-0.08759864451249709,2.150504428737875,-0.6065217200376503,-1.5780314387553986
0.7059375888926114,-0.27129523886939816,-1.071310255566592,0.010583158299729707
-0.4048495624083474,-0.7844732052457314,1.3056932006400561,0.7885294472246108
0.01508617101337955,0.33571173607726496,0.7841568403907787,1.5770147365914178
0.8873176927765898,0.24415525811093713,0.3153043479895922,1.782219291431806
-2.282206080063707,0.2507472284216186,0.8708638102895114,1.7321642028683328
0.06554220681327516,-0.3734190257606534,1.093498795480809,1.8510648797353693
-0.7687064898700869,-0.4672826309423915,0.7063864850382258,0.334878767391059
-0.8813588428038357,0.6920929323936217,1.1238551666112453,2.2453188279968117
-0.6942983634636974,0.9478084107334965,-0.4848520332087391,0.064447215848414
-0.3756174177883825,-1.695721198518066,1.3381201838970136,1.3253560669975366
-0.0214202608604052,-1.028789556533273,-1.493527772277678,0.8748558581301585
0.04913512650859905,-2.0250676193533153,0.21875924254152657,0.3698766146858888
0.6908644394999837,0.7087989462451196,-0.14188119342019354,0.5651976730125494
0.07263982805148378,-0.5172157801241688,-0.4044240876863533,0.039497624523774026
0.8732643599298321,-0.593888824728209,1.7809367967307264,0.9811470124012687
-1.2800045370529634,-0.17020085453663747,-0.28752236671088127,-1.449706712062107
-0.7074872042230702,1.1423838947073686,-0.10043905243119698,0.5110401817499799
0.5344281731357118,-0.39338086780829773,1.1989436923514805,-0.18568228683553506
-0.9082632013656533,0.39995273102563156,1.3075294685789505,2.618247242130379
-0.7264669169443259,0.01751409028566469,-0.029613506504271265,0.32922464046697664
-1.9188831708414122,1.7812198606584755,-2.1856500685160176,0.26921894088220566
1.093304753437016,1.9580318435408608,-0.03044959943342763,1.2543423340594217
0.3937740555146383,-0.03585345081895985,0.2370402628984323,2.684268584505514
-1.345795727675079,1.3825695439755141,0.677935025898188,0.9878784311347383
-0.6058763447074511,0.42005346764062174,0.6401422212639131,0.9960576428903462
-1.7983138487285455,-0.24590318010549062,-0.6541045268902947,-1.1707239558791627
-2.8287879621595358,1.9169835562905233,1.6338060555702538,-1.6677971705595762
0.6881188137386528,-1.8906444833175786,0.25183163421607285,0.8946855915792202
0.3040491971939507,1.3859539430609957,1.5919863696295158,-0.16106334937050612
0.5261810534033162,0.022470119234795798,0.6097604352554186,-0.026952513356995958
-1.8916664687248061,-0.5059029259194514,-0.17786622698459198,1.451898307194985
-0.3559067391095396,-0.18414451878130988,1.4368152348073158,1.3664333606517536
0.32132911255734603,-0.24034529957460485,-0.7138713033848081,-1.2150654649894066
0.9501281277398794,-1.44546541500079,1.8959421018758367,-0.7318750663298266
-0.4154103800237486,-1.4731677388701578,-1.3062593018811945,0.5230895999967909
0.5594399982184928,0.08658939405669709,-0.3499867477359612,-1.3462681980485338
-1.1599204362694577,-0.8163770591793156,-0.4196953136013593,-1.2384358655469525
-0.04460396390511346,-0.2250960030931141,-0.8040495086209611,-2.0453780713256524
2.0521833788893065,0.9404718382258305,-0.49391591500034976,0.8936567385736712
2.1762644846538723,-0.16407036875763073,-1.5161542817439952,-0.21614827495976213
0.6126778553650287,-0.531738398912482,-0.33770066385076486,1.8694826951211603
-0.7889173781233153,-0.30417196590074436,0.34188123086958394,-0.11166454801110144
0.9665859935975778,-1.5249291317227258,0.3855005208912167,0.09904813326662099
-0.9095949599873813,-1.1526900786138365,1.2791408437016802,2.525075782268252
0.29838165065017924,1.2445410278724123,-1.0818097546707919,-0.10071025576598645
0.6146110663331126,0.07661311757334203,0.5594982052340707,-0.020558941100327414
-2.2658243301498375,-0.095017374142936,0.9085544560565324,-0.8036860972320553
1.5667631794325887,-1.0369626823324227,1.3649821282653931,-1.1139347862979483
0.9920368789512112,-1.6879560207546611,-0.11456870964897077,-1.6114168000759712
-0.8504291390746271,0.07560446937129761,1.480850568912684,0.651605399244158
-1.1510826919974808,-0.4672303905575355,0.2632765231682938,0.19411265414478038
-1.2304308014704153,1.4172390888459292,-0.8293784907090022,0.7543976633401341
-0.44702140025207215,1.0191736302507397,-0.26979692737058314,0.4721251019800889
-0.6368062317244529,0.49560212060434006,0.39321924920997814,-0.6564078557494146
-0.4375092823898779,-0.5142836712360926,1.7795472509369892,1.963095029078003
0.8003557158736487,1.1537700628233623,-1.3959353587252228,-0.269069443997065
0.6280990579502349,-1.4174002865967743,0.36374047698745754,-0.052619916841149826
0.8592751909017221,0.007182422094944743,-0.37020672889118666,-0.8982090124192326
0.09058180625822464,0.3459060790727464,-0.8371328777992437,0.9026797666657962
-0.7789425552758781,0.13235916710232842,0.19803146296162838,-0.5888678657695093
-2.1083748713199117,1.0865731465902084,0.8341149712581689,-0.41608803782369097
-0.13030136366950543,0.9316926105504516,0.5866108904364141,0.08072135834002236
0.6359007608036378,0.13466685793957373,0.5358894347653771,-0.6505773989155814
0.5553229992248456,-0.49331421562749533,-0.5150925133963508,-0.7402387515876804
-0.45536477202046916,-0.8636979387055218,0.9460329257242498,0.7412733044732253
-0.7489381097493818,0.013851919362505493,1.2946202694119142,-1.9952064507194067
-0.9499397041220006,0.28878251829162405,0.1384520152589003,-0.5537460991469633
-0.20077621304436996,0.22350274568393705,0.0053776955628278365,-0.011927524522554665
0.16628463394733406,1.2448781094495045,0.5418227517065889,-1.0312435029852107
1.4531198381618706,1.1552182797513824,-1.2186753814959521,2.1793036448680927
0.26948989513126115,-0.28136141160536415,0.7155459860160351,1.5013693594328579
0.7453101362717257,-0.281032573171238,0.043232627289762106,0.3950360275041444
0.7782454583194112,0.9464088580448516,-1.3042102870989358,0.8072742138300142
-0.3057860897781727,-0.46495072610358057,2.199535198041529,0.07090719641299728
-0.8584282088359778,0.5508759457126924,0.5423047481468231,-0.5189919694226799
-1.5295624207655782,-1.448323764664283,1.4091327964968257,0.8350081891565042
0.4853988545535241,1.1575595458472097,0.22556865983678684,-0.827740557860835
0.06044495145029416,-0.18378433673137148,-1.2856367730631808,-0.9135573808778633
0.07762822529070881,1.7700688725555418,-1.6337166601349968,1.0090480721837523
0.20357095069394923,0.9918939944362754,-0.4708458297541457,0.6539375829971428
-1.2412196650520129,0.7226494307225111,1.766512413002412,-1.3793706258189444
0.16151297916005555,-0.20639820262992162,0.06832981682782886,-1.2916114679798065
0.5824185922098137,0.7346305789279263,0.7374386460816431,-1.1011624666942952
-0.8721544972082381,-0.9298398991152711,0.0723388262874829,-1.0876944449111825
-0.47486449051903973,1.3208827855226237,2.087611712684479,1.662563714524054
0.9832921487317333,0.31970127752056987,0.3803680434150931,-1.2059687807729986
1.3197118330751954,1.3603440301452556,1.1075285217090942,1.092176809482305
1.0689481995665204,-0.593145604939479,-0.4049642633151868,-0.6809313043595114
1.3737372503887946,0.5017729012263878,-1.2112918314286278,-0.15749961308137173
-0.9844996370183522,-0.03485820316342803,0.15893230212366363,-1.0048214193349008
-0.7137287261719586,-0.45551996635418474,1.1558808985491271,-0.059334893121291594
-0.5390998826675817,0.440236780556022,-0.641683095277009,0.2888227849973826
0.7411290481172361,-0.3171117659342744,1.143127952765495,0.873335026525691
-1.22090531475572,0.4774345684869366,0.9033724876494715,1.3613619500700207
-0.8108719873452984,0.6556936307233129,2.1666480714040506,-1.461069098110562
-1.6432324637846947,0.09893871140429553,-0.21501697840297596,0.27283251895557814
1.3238783676504153,-0.23138271286399908,0.706647309064135,1.5599945235459745
0.030132889590163196,-0.12944545875656277,-0.1610129499248757,-0.4762488279429068
-0.6564166760914326,-0.4920222870989207,0.48718097202595795,1.4201642061147959
1.0704260116054407,1.0971954283128307,0.1909307993288528,-1.0681767508497304
-0.858419716060809,-0.8567389052833467,1.1094126509888782,0.9947174115898352
1.1773228377900802,-0.5501199969038197,1.7688971411145025,-0.04063149753776054
-0.019253991470634606,-0.5793825055225951,0.7577868311807127,-0.3119175094026795
-0.23103584507688554,-0.23383138561362432,0.5254127547291978,0.3155543689778106
0.1504477818152607,1.364835844328736,0.39424650294379743,-0.5512937931520453
-0.015020393972457817,-0.4665863483419366,-0.3842693736837751,-0.6283675113126755
-0.7139451468555127,0.5320448431247111,0.9438957652900082,0.751173109907215
0.9910682402015669,-0.061911482837933025,-0.8042278311803631,-0.6891190266426613
2.6970772066919317,0.7744165226574614,1.2646971924464254,1.8969048905554826
2.137121806218706,1.3214721712092046,-0.6152447508594555,2.4425721967936536
0.31648857036822986,-0.6390801889018292,0.6831879127237043,0.1555892381849564
1.086308156760549,0.17274731117908254,-0.6990375654620754,-0.583285416781379
1.3704437801837737,-1.3538961339768287,0.27538611904513877,-0.17541169742743642
0.01703906234935644,-0.7971776783154148,2.0924779384508856,1.4240004425370303
-1.053488846454184,0.833680632362746,-0.4213993842092528,-0.3400756087247725
0.8256793326961072,0.5679007470220092,-1.9044102302164705,1.0529090916387378
